{
    "title": “An App About Apps",
    "subtitle": "A Collection of Swift Lessons",
    "publisherName": “appsbyralo",
    "feedIdentifier": "com.example.your.playgrounds",
    "contactURL": “mailto:appsbyralo@gmail.com“,
    "formatVersion": "1.0",
    "documents": [
  {
      "title": “An App About Apps - The main one“,
      "overviewSubtitle": “A one stop shop to get started building your own apps",
      "detailSubtitle": "Get started building your own apps",
      "description": “An App About Apps is about moving from developing ideas for needed apps to sketching and describing those ideas and creating app prototypes. If you wish, you can also work on learning to code in Swift, so you can eventually publish a real app on the App Store. Turn your visions and ideas into reality!",
      "contentIdentifier": "com.example.playgrounds.AppDesignPrototyping",
      "contentVersion": "1.0",
      "url": "https://www.icloud.com/iclouddrive/0b4EnKL8tWttrFCw63_DnDIGg#An_app_about_apps",
            "publishedDate": "2024-08-18T12:00:00+00:00",
            "lastUpdatedDate": "2024-08-18T12:00:00+00:00",
      "thumbnailURL": "https://www.icloud.com/iclouddrive/0aeHSz-Hw95XSAsMs6lXezbrg#Thumbnail",
      "bannerImageURL": "https://www.icloud.com/iclouddrive/0e3_SSP68_sE-XLfarl5SE5og#Banner",
      "additionalInformation": [
          {
              "name": "Languages",
              "value": "English"
          }
      ],
      "previewImageURLs": [
                "https://www.icloud.com/iclouddrive/066VgpYXkRRB-htKLLfzsh9dw#Preview"
      ]
  }
    ]
}
